{
  "last_node_id": 106,
  "last_link_id": 143,
  "nodes": [
    {
      "id": 4,
      "type": "CheckpointLoaderSimple",
      "pos": {
        "0": 24.545658111572266,
        "1": -794.6005859375
      },
      "size": {
        "0": 350,
        "1": 100
      },
      "flags": {},
      "order": 0,
      "mode": 0,
      "inputs": [],
      "outputs": [
        {
          "name": "MODEL",
          "type": "MODEL",
          "links": [
            127,
            131
          ],
          "slot_index": 0
        },
        {
          "name": "CLIP",
          "type": "CLIP",
          "links": [
            57,
            58
          ],
          "slot_index": 1
        },
        {
          "name": "VAE",
          "type": "VAE",
          "links": [],
          "slot_index": 2
        }
      ],
      "title": "Load Checkpoint - BASE",
      "properties": {
        "Node name for S&R": "CheckpointLoaderSimple"
      },
      "widgets_values": [
        "xl\\Colv49-Protov66-JugX-32-32-35.safetensors"
      ],
      "color": "#323",
      "bgcolor": "#535"
    },
    {
      "id": 103,
      "type": "CFGGuider",
      "pos": {
        "0": 426,
        "1": -443
      },
      "size": {
        "0": 315,
        "1": 98
      },
      "flags": {},
      "order": 10,
      "mode": 0,
      "inputs": [
        {
          "name": "model",
          "type": "MODEL",
          "link": 131
        },
        {
          "name": "positive",
          "type": "CONDITIONING",
          "link": 132
        },
        {
          "name": "negative",
          "type": "CONDITIONING",
          "link": 133
        }
      ],
      "outputs": [
        {
          "name": "GUIDER",
          "type": "GUIDER",
          "links": [
            134,
            142
          ],
          "slot_index": 0
        }
      ],
      "properties": {
        "Node name for S&R": "CFGGuider"
      },
      "widgets_values": [
        7
      ]
    },
    {
      "id": 80,
      "type": "RandomNoise",
      "pos": {
        "0": 421,
        "1": -843
      },
      "size": {
        "0": 315,
        "1": 82
      },
      "flags": {},
      "order": 1,
      "mode": 0,
      "inputs": [],
      "outputs": [
        {
          "name": "NOISE",
          "type": "NOISE",
          "links": [
            79,
            97
          ],
          "slot_index": 0,
          "shape": 3
        }
      ],
      "properties": {
        "Node name for S&R": "RandomNoise"
      },
      "widgets_values": [
        55268804028074,
        "fixed"
      ],
      "color": "#2a363b",
      "bgcolor": "#3f5159"
    },
    {
      "id": 102,
      "type": "KSamplerSelect",
      "pos": {
        "0": 434,
        "1": -554
      },
      "size": {
        "0": 315,
        "1": 58
      },
      "flags": {},
      "order": 2,
      "mode": 0,
      "inputs": [],
      "outputs": [
        {
          "name": "SAMPLER",
          "type": "SAMPLER",
          "links": [
            130,
            139
          ],
          "slot_index": 0
        }
      ],
      "properties": {
        "Node name for S&R": "KSamplerSelect"
      },
      "widgets_values": [
        "dpmpp_sde"
      ]
    },
    {
      "id": 101,
      "type": "BasicScheduler",
      "pos": {
        "0": 430,
        "1": -715
      },
      "size": {
        "0": 315,
        "1": 106
      },
      "flags": {},
      "order": 5,
      "mode": 0,
      "inputs": [
        {
          "name": "model",
          "type": "MODEL",
          "link": 127
        }
      ],
      "outputs": [
        {
          "name": "SIGMAS",
          "type": "SIGMAS",
          "links": [
            128,
            141,
            143
          ],
          "slot_index": 0
        }
      ],
      "properties": {
        "Node name for S&R": "BasicScheduler"
      },
      "widgets_values": [
        "karras",
        20,
        1
      ]
    },
    {
      "id": 82,
      "type": "SamplerCustomAdvanced",
      "pos": {
        "0": 788,
        "1": -841
      },
      "size": {
        "0": 272.3617858886719,
        "1": 124.53733825683594
      },
      "flags": {},
      "order": 12,
      "mode": 0,
      "inputs": [
        {
          "name": "noise",
          "type": "NOISE",
          "link": 79,
          "slot_index": 0
        },
        {
          "name": "guider",
          "type": "GUIDER",
          "link": 142,
          "slot_index": 1
        },
        {
          "name": "sampler",
          "type": "SAMPLER",
          "link": 140,
          "slot_index": 2
        },
        {
          "name": "sigmas",
          "type": "SIGMAS",
          "link": 141,
          "slot_index": 3
        },
        {
          "name": "latent_image",
          "type": "LATENT",
          "link": 83,
          "slot_index": 4
        }
      ],
      "outputs": [
        {
          "name": "output",
          "type": "LATENT",
          "links": [
            87
          ],
          "slot_index": 0,
          "shape": 3
        },
        {
          "name": "denoised_output",
          "type": "LATENT",
          "links": null,
          "shape": 3
        }
      ],
      "properties": {
        "Node name for S&R": "SamplerCustomAdvanced"
      },
      "widgets_values": []
    },
    {
      "id": 105,
      "type": "DetailDaemonSamplerNode",
      "pos": {
        "0": 798,
        "1": -637
      },
      "size": {
        "0": 315,
        "1": 274
      },
      "flags": {},
      "order": 8,
      "mode": 0,
      "inputs": [
        {
          "name": "sampler",
          "type": "SAMPLER",
          "link": 139
        }
      ],
      "outputs": [
        {
          "name": "SAMPLER",
          "type": "SAMPLER",
          "links": [
            140
          ],
          "slot_index": 0
        }
      ],
      "properties": {
        "Node name for S&R": "DetailDaemonSamplerNode"
      },
      "widgets_values": [
        0.15,
        0.3,
        0.7000000000000001,
        0.5,
        1,
        0,
        0,
        0,
        true,
        0
      ]
    },
    {
      "id": 84,
      "type": "PreviewImage",
      "pos": {
        "0": 1500,
        "1": -840
      },
      "size": [
        481.94040403435974,
        496.2951698465365
      ],
      "flags": {},
      "order": 17,
      "mode": 0,
      "inputs": [
        {
          "name": "images",
          "type": "IMAGE",
          "link": 126
        }
      ],
      "outputs": [],
      "title": "Detail Daemon preview Image",
      "properties": {
        "Node name for S&R": "PreviewImage"
      },
      "widgets_values": []
    },
    {
      "id": 88,
      "type": "PreviewImage",
      "pos": {
        "0": 1500,
        "1": -302
      },
      "size": [
        486.2275816543597,
        521.5666183565368
      ],
      "flags": {},
      "order": 15,
      "mode": 0,
      "inputs": [
        {
          "name": "images",
          "type": "IMAGE",
          "link": 95
        }
      ],
      "outputs": [],
      "title": "Default Preview Image",
      "properties": {
        "Node name for S&R": "PreviewImage"
      },
      "widgets_values": []
    },
    {
      "id": 89,
      "type": "Image Comparer (rgthree)",
      "pos": {
        "0": 2000,
        "1": -586
      },
      "size": [
        477.47872553435946,
        515.0079922265365
      ],
      "flags": {},
      "order": 16,
      "mode": 0,
      "inputs": [
        {
          "name": "image_a",
          "type": "IMAGE",
          "link": 101,
          "dir": 3
        },
        {
          "name": "image_b",
          "type": "IMAGE",
          "link": 102,
          "dir": 3
        }
      ],
      "outputs": [],
      "properties": {
        "comparer_mode": "Slide"
      },
      "widgets_values": [
        [
          {
            "name": "A",
            "selected": true,
            "url": "/api/view?filename=rgthree.compare._temp_nhmeh_00015_.png&type=temp&subfolder=&rand=0.8670063341159251"
          },
          {
            "name": "B",
            "selected": true,
            "url": "/api/view?filename=rgthree.compare._temp_nhmeh_00016_.png&type=temp&subfolder=&rand=0.8599896749932459"
          }
        ]
      ]
    },
    {
      "id": 106,
      "type": "DetailDaemonGraphSigmasNode",
      "pos": {
        "0": 1140,
        "1": -636
      },
      "size": {
        "0": 327.5999755859375,
        "1": 486
      },
      "flags": {},
      "order": 9,
      "mode": 0,
      "inputs": [
        {
          "name": "sigmas",
          "type": "SIGMAS",
          "link": 143
        }
      ],
      "outputs": [],
      "properties": {
        "Node name for S&R": "DetailDaemonGraphSigmasNode"
      },
      "widgets_values": [
        0.15,
        0.3,
        0.7000000000000001,
        0.5,
        1,
        0,
        0,
        0,
        true,
        7
      ]
    },
    {
      "id": 17,
      "type": "VAEDecode",
      "pos": {
        "0": 1189.44189453125,
        "1": -747.7896728515625
      },
      "size": {
        "0": 200,
        "1": 50
      },
      "flags": {},
      "order": 14,
      "mode": 0,
      "inputs": [
        {
          "name": "samples",
          "type": "LATENT",
          "link": 87
        },
        {
          "name": "vae",
          "type": "VAE",
          "link": 45
        }
      ],
      "outputs": [
        {
          "name": "IMAGE",
          "type": "IMAGE",
          "links": [
            101,
            126
          ],
          "slot_index": 0,
          "shape": 3
        }
      ],
      "properties": {
        "Node name for S&R": "VAEDecode"
      },
      "widgets_values": [],
      "color": "#332922",
      "bgcolor": "#593930"
    },
    {
      "id": 50,
      "type": "VAELoader",
      "pos": {
        "0": 1137.44189453125,
        "1": -853.7896728515625
      },
      "size": {
        "0": 315,
        "1": 58
      },
      "flags": {},
      "order": 3,
      "mode": 0,
      "inputs": [],
      "outputs": [
        {
          "name": "VAE",
          "type": "VAE",
          "links": [
            45,
            103
          ],
          "slot_index": 0,
          "shape": 3
        }
      ],
      "properties": {
        "Node name for S&R": "VAELoader"
      },
      "widgets_values": [
        "sdxl.fp16.vae.safetensors"
      ]
    },
    {
      "id": 7,
      "type": "CLIPTextEncode",
      "pos": {
        "0": 51,
        "1": -36
      },
      "size": [
        297.3146034660798,
        112.70511023284303
      ],
      "flags": {},
      "order": 7,
      "mode": 0,
      "inputs": [
        {
          "name": "clip",
          "type": "CLIP",
          "link": 58
        }
      ],
      "outputs": [
        {
          "name": "CONDITIONING",
          "type": "CONDITIONING",
          "links": [
            133
          ],
          "slot_index": 0
        }
      ],
      "properties": {
        "Node name for S&R": "CLIPTextEncode"
      },
      "widgets_values": [
        "boring, ugly, blurry, fake, 3DCG, cgstation, text, watermark, logo, (cgi, 3d, render, anime, unreal, octane, blender:1.3), worst quality, low quality, jpeg artifacts"
      ],
      "color": "#322",
      "bgcolor": "#533"
    },
    {
      "id": 6,
      "type": "CLIPTextEncode",
      "pos": {
        "0": 44,
        "1": -357
      },
      "size": [
        313.8091934660798,
        262.24298023284314
      ],
      "flags": {},
      "order": 6,
      "mode": 0,
      "inputs": [
        {
          "name": "clip",
          "type": "CLIP",
          "link": 57
        }
      ],
      "outputs": [
        {
          "name": "CONDITIONING",
          "type": "CONDITIONING",
          "links": [
            132
          ],
          "slot_index": 0
        }
      ],
      "properties": {
        "Node name for S&R": "CLIPTextEncode"
      },
      "widgets_values": [
        "a photo of a majestic, vividly colored parrot perched in an exotic, lush jungle. The bird's feathers display an iridescent array of blues, greens, and purples, with intricate patterns. Taken with a Canon EOS 5D Mark IV and a Canon EF 100-400mm f/4.5-5.6L IS II USM lens at 200mm, the scene includes tropical plants, vibrant flowers, and distant waterfalls under a bright, sunny sky, creating a rich and detailed paradise setting. The parrot is the focal point, exuding elegance and grace. Tack sharp, with many details. Other elements of wildlife, like colorful butterflies and exotic birds, add life to the scene, enhancing the overall photographic quality."
      ],
      "color": "#232",
      "bgcolor": "#353"
    },
    {
      "id": 5,
      "type": "EmptyLatentImage",
      "pos": {
        "0": 432,
        "1": -278
      },
      "size": {
        "0": 300,
        "1": 110
      },
      "flags": {},
      "order": 4,
      "mode": 0,
      "inputs": [],
      "outputs": [
        {
          "name": "LATENT",
          "type": "LATENT",
          "links": [
            83,
            100
          ],
          "slot_index": 0
        }
      ],
      "properties": {
        "Node name for S&R": "EmptyLatentImage"
      },
      "widgets_values": [
        1024,
        1024,
        1
      ],
      "color": "#323",
      "bgcolor": "#535"
    },
    {
      "id": 86,
      "type": "VAEDecode",
      "pos": {
        "0": 1195,
        "1": -36
      },
      "size": {
        "0": 200,
        "1": 50
      },
      "flags": {},
      "order": 13,
      "mode": 0,
      "inputs": [
        {
          "name": "samples",
          "type": "LATENT",
          "link": 94
        },
        {
          "name": "vae",
          "type": "VAE",
          "link": 103
        }
      ],
      "outputs": [
        {
          "name": "IMAGE",
          "type": "IMAGE",
          "links": [
            95,
            102
          ],
          "slot_index": 0,
          "shape": 3
        }
      ],
      "properties": {
        "Node name for S&R": "VAEDecode"
      },
      "widgets_values": [],
      "color": "#332922",
      "bgcolor": "#593930"
    },
    {
      "id": 87,
      "type": "SamplerCustomAdvanced",
      "pos": {
        "0": 823,
        "1": -64
      },
      "size": {
        "0": 272.3617858886719,
        "1": 124.53733825683594
      },
      "flags": {},
      "order": 11,
      "mode": 0,
      "inputs": [
        {
          "name": "noise",
          "type": "NOISE",
          "link": 97,
          "slot_index": 0
        },
        {
          "name": "guider",
          "type": "GUIDER",
          "link": 134,
          "slot_index": 1
        },
        {
          "name": "sampler",
          "type": "SAMPLER",
          "link": 130,
          "slot_index": 2
        },
        {
          "name": "sigmas",
          "type": "SIGMAS",
          "link": 128,
          "slot_index": 3
        },
        {
          "name": "latent_image",
          "type": "LATENT",
          "link": 100,
          "slot_index": 4
        }
      ],
      "outputs": [
        {
          "name": "output",
          "type": "LATENT",
          "links": [
            94
          ],
          "slot_index": 0,
          "shape": 3
        },
        {
          "name": "denoised_output",
          "type": "LATENT",
          "links": null,
          "shape": 3
        }
      ],
      "properties": {
        "Node name for S&R": "SamplerCustomAdvanced"
      },
      "widgets_values": []
    }
  ],
  "links": [
    [
      45,
      50,
      0,
      17,
      1,
      "VAE"
    ],
    [
      47,
      51,
      0,
      15,
      0,
      "CLIP"
    ],
    [
      48,
      51,
      0,
      16,
      0,
      "CLIP"
    ],
    [
      49,
      51,
      0,
      6,
      0,
      "CLIP"
    ],
    [
      50,
      51,
      0,
      7,
      0,
      "CLIP"
    ],
    [
      51,
      51,
      0,
      15,
      0,
      "CLIP"
    ],
    [
      52,
      51,
      0,
      16,
      0,
      "CLIP"
    ],
    [
      53,
      51,
      0,
      6,
      0,
      "CLIP"
    ],
    [
      54,
      51,
      0,
      7,
      0,
      "CLIP"
    ],
    [
      57,
      4,
      1,
      6,
      0,
      "CLIP"
    ],
    [
      58,
      4,
      1,
      7,
      0,
      "CLIP"
    ],
    [
      79,
      80,
      0,
      82,
      0,
      "NOISE"
    ],
    [
      83,
      5,
      0,
      82,
      4,
      "LATENT"
    ],
    [
      87,
      82,
      0,
      17,
      0,
      "LATENT"
    ],
    [
      94,
      87,
      0,
      86,
      0,
      "LATENT"
    ],
    [
      95,
      86,
      0,
      88,
      0,
      "IMAGE"
    ],
    [
      97,
      80,
      0,
      87,
      0,
      "NOISE"
    ],
    [
      100,
      5,
      0,
      87,
      4,
      "LATENT"
    ],
    [
      101,
      17,
      0,
      89,
      0,
      "IMAGE"
    ],
    [
      102,
      86,
      0,
      89,
      1,
      "IMAGE"
    ],
    [
      103,
      50,
      0,
      86,
      1,
      "VAE"
    ],
    [
      126,
      17,
      0,
      84,
      0,
      "IMAGE"
    ],
    [
      127,
      4,
      0,
      101,
      0,
      "MODEL"
    ],
    [
      128,
      101,
      0,
      87,
      3,
      "SIGMAS"
    ],
    [
      130,
      102,
      0,
      87,
      2,
      "SAMPLER"
    ],
    [
      131,
      4,
      0,
      103,
      0,
      "MODEL"
    ],
    [
      132,
      6,
      0,
      103,
      1,
      "CONDITIONING"
    ],
    [
      133,
      7,
      0,
      103,
      2,
      "CONDITIONING"
    ],
    [
      134,
      103,
      0,
      87,
      1,
      "GUIDER"
    ],
    [
      139,
      102,
      0,
      105,
      0,
      "SAMPLER"
    ],
    [
      140,
      105,
      0,
      82,
      2,
      "SAMPLER"
    ],
    [
      141,
      101,
      0,
      82,
      3,
      "SIGMAS"
    ],
    [
      142,
      103,
      0,
      82,
      1,
      "GUIDER"
    ],
    [
      143,
      101,
      0,
      106,
      0,
      "SIGMAS"
    ]
  ],
  "groups": [
    {
      "title": "Base Prompt",
      "bounding": [
        20,
        -454,
        360,
        563
      ],
      "color": "#3f789e",
      "font_size": 24,
      "flags": {}
    },
    {
      "title": "Load in BASE SDXL Model",
      "bounding": [
        15,
        -875,
        369,
        399
      ],
      "color": "#a1309b",
      "font_size": 24,
      "flags": {}
    },
    {
      "title": "VAE Decoder",
      "bounding": [
        1117,
        -932,
        350,
        246
      ],
      "color": "#b06634",
      "font_size": 24,
      "flags": {}
    }
  ],
  "config": {},
  "extra": {
    "ds": {
      "scale": 0.5644739300537776,
      "offset": [
        616.2272545339198,
        1118.1709608921565
      ]
    }
  },
  "version": 0.4
}